lamp_id,probability,dimer_score,F3_sequence,F3_gc,F3_tm,F3_delta_g_5p,F3_delta_g_3p,F3_hairpin,F3_gc_score,F3_tm_score,F3_delta_g_score,F3_hairpin_score,F2_sequence,F2_gc,F2_tm,F2_delta_g_5p,F2_delta_g_3p,F2_hairpin,F2_gc_score,F2_tm_score,F2_delta_g_score,F2_hairpin_score,F1c_sequence,F1c_gc,F1c_tm,F1c_delta_g_5p,F1c_delta_g_3p,F1c_hairpin,F1c_gc_score,F1c_tm_score,F1c_delta_g_score,F1c_hairpin_score,B1c_sequence,B1c_gc,B1c_tm,B1c_delta_g_5p,B1c_delta_g_3p,B1c_hairpin,B1c_gc_score,B1c_tm_score,B1c_delta_g_score,B1c_hairpin_score,B2_sequence,B2_gc,B2_tm,B2_delta_g_5p,B2_delta_g_3p,B2_hairpin,B2_gc_score,B2_tm_score,B2_delta_g_score,B2_hairpin_score,B3_sequence,B3_gc,B3_tm,B3_delta_g_5p,B3_delta_g_3p,B3_hairpin,B3_gc_score,B3_tm_score,B3_delta_g_score,B3_hairpin_score,distance_F2_to_B2_end,distance_F2_to_F1,distance_F2_to_F3,distance_B2_to_B1,distance_B2_to_B3
Group_10,0.23,0.67,GTTATTTCGACAGTGGTAGG,45.0,54.99,-3.95,-6.25,"(False, 0.0)",0.7,0.36,1,1.0,GCAGCAGTAGTATTATCTGG,45.0,54.53,-8.29,-6.25,"(False, 0.0)",0.7,0.2,1,1.0,ATTAGGTACTTTAATTGGCGCAG,39.13,58.73,-5.12,-9.42,"(True, -0.22)",0.0,0.0,1,0.5,TCAAAACAACCGTGCTGCAG,50.0,61.46,-5.92,-6.95,"(False, 0.0)",1.0,0.74,1,1.0,AAATTACGTCAACAAATGGC,35.0,54.52,-4.32,-7.59,"(False, 0.0)",0.0,0.2,1,1.0,TGGTTCTGTTCAATTGATCA,35.0,54.26,-6.58,-5.85,"(False, 0.0)",0.0,0.1,1,1.0,252,71,1,76,33
Group_29,0.22,0.0,CTCAAACATTGGCTGAAGAT,40.0,55.42,-5.68,-4.82,"(False, 0.0)",0.7,0.49,1,1.0,ACAGATAACACTGGTAATGA,35.0,52.76,-4.85,-4.72,"(False, -0.42)",0.0,0.0,1,1.0,CTGGTAAAGGCCTTTCATCTAG,45.45,57.77,-5.62,-3.85,"(False, 0.24)",0.7,0.0,1,1.0,GTATCGATGCACAAGGTTATG,42.86,56.31,-5.48,-4.35,"(False, 0.0)",0.7,0.0,1,1.0,AAAACCGCCGTGTAGAAAT,42.11,57.03,-6.19,-4.82,"(False, 0.0)",0.7,0.84,1,1.0,CATCTATGCAAAACAATAA,26.32,47.67,-4.48,-4.72,"(False, 0.0)",0.0,0.0,1,1.0,206,76,30,65,3
Group_28,0.22,0.0,CTCAAACATTGGCTGAAGAT,40.0,55.42,-5.68,-4.82,"(False, 0.0)",0.7,0.49,1,1.0,ACAGATAACACTGGTAATGA,35.0,52.76,-4.85,-4.72,"(False, -0.42)",0.0,0.0,1,1.0,CTGGTAAAGGCCTTTCATCTAG,45.45,57.77,-5.62,-3.85,"(False, 0.24)",0.7,0.0,1,1.0,CACAAGGTTATGGTTCTTCTAAC,39.13,56.72,-5.72,-4.18,"(False, 0.0)",0.0,0.0,1,1.0,AAAACCGCCGTGTAGAAAT,42.11,57.03,-6.19,-4.82,"(False, 0.0)",0.7,0.84,1,1.0,CATCTATGCAAAACAATAA,26.32,47.67,-4.48,-4.72,"(False, 0.0)",0.0,0.0,1,1.0,206,76,30,52,3
Group_2,0.22,1.0,GTTATTTCGACAGTGGTAGG,45.0,54.99,-3.95,-6.25,"(False, 0.0)",0.7,0.36,1,1.0,GCAGCAGTAGTATTATCTGG,45.0,54.53,-8.29,-6.25,"(False, 0.0)",0.7,0.2,1,1.0,ATTAGGTACTTTAATTGGCGCAG,39.13,58.73,-5.12,-9.42,"(True, -0.22)",0.0,0.0,1,0.5,CTAAATCAAGTGCAAACTCTAGC,39.13,57.35,-4.09,-5.42,"(False, 0.0)",0.0,0.0,1,1.0,ATACCTTGACCAGAAAGAGA,40.0,54.6,-4.75,-5.05,"(False, 0.0)",0.7,0.23,1,1.0,CCGTAATCCAGATGGTTCT,47.37,55.58,-6.99,-5.95,"(False, 0.05)",0.7,0.53,1,1.0,230,71,1,73,42
Group_16,0.21,1.0,GTTATTTCGACAGTGGTAGG,45.0,54.99,-3.95,-6.25,"(False, 0.0)",0.7,0.36,1,1.0,GCAGCAGTAGTATTATCTGG,45.0,54.53,-8.29,-6.25,"(False, 0.0)",0.7,0.2,1,1.0,ATAAAGCCGCATTAGGTACTTTA,34.78,57.32,-4.09,-4.19,"(False, -0.22)",0.0,0.0,1,1.0,CAGCTGGTTATGGTATTTCTAAA,34.78,55.91,-6.95,-4.55,"(False, 0.0)",0.0,0.0,1,1.0,ATACCTTGACCAGAAAGAGA,40.0,54.6,-4.75,-5.05,"(False, 0.0)",0.7,0.23,1,1.0,CCGTAATCCAGATGGTTCT,47.37,55.58,-6.99,-5.95,"(False, 0.05)",0.7,0.53,1,1.0,230,61,1,91,42
Group_15,0.21,1.0,GTTATTTCGACAGTGGTAGG,45.0,54.99,-3.95,-6.25,"(False, 0.0)",0.7,0.36,1,1.0,GCAGCAGTAGTATTATCTGG,45.0,54.53,-8.29,-6.25,"(False, 0.0)",0.7,0.2,1,1.0,ATAAAGCCGCATTAGGTACTTTA,34.78,57.32,-4.09,-4.19,"(False, -0.22)",0.0,0.0,1,1.0,CTAAATCAAGTGCAAACTCTAGC,39.13,57.35,-4.09,-5.42,"(False, 0.0)",0.0,0.0,1,1.0,ATACCTTGACCAGAAAGAGA,40.0,54.6,-4.75,-5.05,"(False, 0.0)",0.7,0.23,1,1.0,CCGTAATCCAGATGGTTCT,47.37,55.58,-6.99,-5.95,"(False, 0.05)",0.7,0.53,1,1.0,230,61,1,73,42
Group_30,0.2,1.0,ATCAAGCCAAACTTCTATGC,40.0,55.5,-5.22,-5.59,"(False, 0.05)",0.7,0.51,1,1.0,AACAAGAGCGCTATTTTAGT,35.0,54.46,-5.32,-4.19,"(False, 0.0)",0.0,0.18,1,1.0,CGTGCACAATCAGTTAAAAACTA,34.78,57.46,-8.58,-4.19,"(False, -0.2)",0.0,0.0,1,1.0,CACAAGGTTATGGTTCTTCTAAC,39.13,56.72,-5.72,-4.18,"(False, 0.0)",0.0,0.0,1,1.0,AAAACCGCCGTGTAGAAAT,42.11,57.03,-6.19,-4.82,"(False, 0.0)",0.7,0.84,1,1.0,CATCTATGCAAAACAATAA,26.32,47.67,-4.48,-4.72,"(False, 0.0)",0.0,0.0,1,1.0,236,78,37,52,3
Group_26,0.2,0.67,CGTGCATTAGTTATTTCGAC,40.0,54.27,-8.58,-6.68,"(False, 0.0)",0.7,0.11,1,1.0,TGGTAGGGGCAGCAGTAGTA,55.0,61.45,-5.62,-3.08,"(False, 0.0)",1.0,0.99,0,1.0,TTGAATACGATAAAGCCGCATT,36.36,58.33,-5.45,-8.09,"(False, 0.0)",0.0,0.0,1,1.0,TCAAAACAACCGTGCTGCAG,50.0,61.46,-5.92,-6.95,"(False, 0.0)",1.0,0.74,1,1.0,AAATTACGTCAACAAATGGC,35.0,54.52,-4.32,-7.59,"(False, 0.0)",0.0,0.2,1,1.0,TGGTTCTGTTCAATTGATCA,35.0,54.26,-6.58,-5.85,"(False, 0.0)",0.0,0.1,1,1.0,260,60,2,76,33
Group_9,0.2,0.67,GTTATTTCGACAGTGGTAGG,45.0,54.99,-3.95,-6.25,"(False, 0.0)",0.7,0.36,1,1.0,GCAGCAGTAGTATTATCTGG,45.0,54.53,-8.29,-6.25,"(False, 0.0)",0.7,0.2,1,1.0,CAGCTGGTTATGGTATTTCTAAA,34.78,55.91,-6.95,-4.55,"(False, 0.0)",0.0,0.0,1,1.0,TCAAAACAACCGTGCTGCAG,50.0,61.46,-5.92,-6.95,"(False, 0.0)",1.0,0.74,1,1.0,AAATTACGTCAACAAATGGC,35.0,54.52,-4.32,-7.59,"(False, 0.0)",0.0,0.2,1,1.0,TGGTTCTGTTCAATTGATCA,35.0,54.26,-6.58,-5.85,"(False, 0.0)",0.0,0.1,1,1.0,252,94,1,76,33
Group_21,0.2,1.0,ATCAAGCCAAACTTCTATGC,40.0,55.5,-5.22,-5.59,"(False, 0.05)",0.7,0.51,1,1.0,AACAAGAGCGCTATTTTAGT,35.0,54.46,-5.32,-4.19,"(False, 0.0)",0.0,0.18,1,1.0,CGTGCACAATCAGTTAAAAACTA,34.78,57.46,-8.58,-4.19,"(False, -0.2)",0.0,0.0,1,1.0,GTATCGATGCACAAGGTTATG,42.86,56.31,-5.48,-4.35,"(False, 0.0)",0.7,0.0,1,1.0,AAAACCGCCGTGTAGAAAT,42.11,57.03,-6.19,-4.82,"(False, 0.0)",0.7,0.84,1,1.0,CATCTATGCAAAACAATAA,26.32,47.67,-4.48,-4.72,"(False, 0.0)",0.0,0.0,1,1.0,236,78,37,65,3
Group_12,0.2,1.0,ATCAAGCCAAACTTCTATGC,40.0,55.5,-5.22,-5.59,"(False, 0.05)",0.7,0.51,1,1.0,AACAAGAGCGCTATTTTAGT,35.0,54.46,-5.32,-4.19,"(False, 0.0)",0.0,0.18,1,1.0,CGTGCACAATCAGTTAAAAACTA,34.78,57.46,-8.58,-4.19,"(False, -0.2)",0.0,0.0,1,1.0,TTTCATCTAGCCGTATCGATG,42.86,56.91,-5.45,-6.98,"(False, 0.13)",0.7,0.0,1,1.0,AAAACCGCCGTGTAGAAAT,42.11,57.03,-6.19,-4.82,"(False, 0.0)",0.7,0.84,1,1.0,CATCTATGCAAAACAATAA,26.32,47.67,-4.48,-4.72,"(False, 0.0)",0.0,0.0,1,1.0,236,78,37,77,3
Group_19,0.2,0.67,GTTATTTCGACAGTGGTAGG,45.0,54.99,-3.95,-6.25,"(False, 0.0)",0.7,0.36,1,1.0,GCAGCAGTAGTATTATCTGG,45.0,54.53,-8.29,-6.25,"(False, 0.0)",0.7,0.2,1,1.0,ATAAAGCCGCATTAGGTACTTTA,34.78,57.32,-4.09,-4.19,"(False, -0.22)",0.0,0.0,1,1.0,TCAAAACAACCGTGCTGCAG,50.0,61.46,-5.92,-6.95,"(False, 0.0)",1.0,0.74,1,1.0,AAATTACGTCAACAAATGGC,35.0,54.52,-4.32,-7.59,"(False, 0.0)",0.0,0.2,1,1.0,TGGTTCTGTTCAATTGATCA,35.0,54.26,-6.58,-5.85,"(False, 0.0)",0.0,0.1,1,1.0,252,61,1,76,33
Group_6,0.17,0.67,GTTATTTCGACAGTGGTAGG,45.0,54.99,-3.95,-6.25,"(False, 0.0)",0.7,0.36,1,1.0,GCAGCAGTAGTATTATCTGG,45.0,54.53,-8.29,-6.25,"(False, 0.0)",0.7,0.2,1,1.0,ATTAGGTACTTTAATTGGCGCAG,39.13,58.73,-5.12,-9.42,"(True, -0.22)",0.0,0.0,1,0.5,AAACTCTAGCCGTCAAAACAA,38.1,57.57,-4.92,-5.55,"(False, 0.0)",0.0,0.0,1,1.0,AAATTACGTCAACAAATGGC,35.0,54.52,-4.32,-7.59,"(False, 0.0)",0.0,0.2,1,1.0,TGGTTCTGTTCAATTGATCA,35.0,54.26,-6.58,-5.85,"(False, 0.0)",0.0,0.1,1,1.0,252,71,1,86,33
Group_24,0.16,1.0,ACAAATCAAATATCAAGCCA,30.0,52.47,-5.09,-7.82,"(False, 0.0)",0.0,0.0,1,1.0,TTGGCTGAAGATAACAAGAG,40.0,54.47,-7.82,-5.45,"(False, 0.0)",0.7,0.18,1,1.0,TTATCTCAATCACGTGCACAATC,39.13,58.97,-4.08,-5.08,"(False, 0.0)",0.0,0.0,1,1.0,GTATCGATGCACAAGGTTATG,42.86,56.31,-5.48,-4.35,"(False, 0.0)",0.7,0.0,1,1.0,AAAACCGCCGTGTAGAAAT,42.11,57.03,-6.19,-4.82,"(False, 0.0)",0.7,0.84,1,1.0,CATCTATGCAAAACAATAA,26.32,47.67,-4.48,-4.72,"(False, 0.0)",0.0,0.0,1,1.0,248,78,36,65,3
Group_1,0.16,1.0,AATTGGTGCAGTTCTTGG,44.44,54.7,-6.49,-6.72,"(False, 0.0)",0.7,0.26,1,1.0,AAATTACGTCAACAAATGGC,35.0,54.52,-4.32,-7.59,"(False, 0.0)",0.0,0.2,1,1.0,GCAGCATTACTTTTGATACAAAC,34.78,56.53,-8.29,-5.18,"(False, 0.0)",0.0,0.0,1,1.0,AATATCAAGCCAAACTTCTATGC,34.78,56.82,-3.85,-5.59,"(False, 0.05)",0.0,0.0,0,1.0,AGTCACTGGTTATACAGATAAC,36.36,54.27,-4.95,-3.95,"(True, -0.88)",0.0,0.11,0,0.5,CGTGCACAATCAGTTAAAAA,35.0,54.47,-8.58,-4.79,"(False, 0.0)",0.0,0.18,1,1.0,228,79,37,75,37
Group_14,0.16,1.0,ACAAATCAAATATCAAGCCA,30.0,52.47,-5.09,-7.82,"(False, 0.0)",0.0,0.0,1,1.0,TTGGCTGAAGATAACAAGAG,40.0,54.47,-7.82,-5.45,"(False, 0.0)",0.7,0.18,1,1.0,TTATCTCAATCACGTGCACAATC,39.13,58.97,-4.08,-5.08,"(False, 0.0)",0.0,0.0,1,1.0,TTTCATCTAGCCGTATCGATG,42.86,56.91,-5.45,-6.98,"(False, 0.13)",0.7,0.0,1,1.0,AAAACCGCCGTGTAGAAAT,42.11,57.03,-6.19,-4.82,"(False, 0.0)",0.7,0.84,1,1.0,CATCTATGCAAAACAATAA,26.32,47.67,-4.48,-4.72,"(False, 0.0)",0.0,0.0,1,1.0,248,78,36,77,3
Group_17,0.15,0.67,GTTATTTCGACAGTGGTAGG,45.0,54.99,-3.95,-6.25,"(False, 0.0)",0.7,0.36,1,1.0,GCAGCAGTAGTATTATCTGG,45.0,54.53,-8.29,-6.25,"(False, 0.0)",0.7,0.2,1,1.0,ATAAAGCCGCATTAGGTACTTTA,34.78,57.32,-4.09,-4.19,"(False, -0.22)",0.0,0.0,1,1.0,AAACTCTAGCCGTCAAAACAA,38.1,57.57,-4.92,-5.55,"(False, 0.0)",0.0,0.0,1,1.0,AAATTACGTCAACAAATGGC,35.0,54.52,-4.32,-7.59,"(False, 0.0)",0.0,0.2,1,1.0,TGGTTCTGTTCAATTGATCA,35.0,54.26,-6.58,-5.85,"(False, 0.0)",0.0,0.1,1,1.0,252,61,1,86,33
Group_18,0.15,1.0,ACTTCTATGCAACTTTAGACA,33.33,54.04,-4.68,-4.58,"(True, 0.0)",0.0,0.02,1,0.5,CGCTATTTTAGTCACTGGTT,40.0,54.87,-6.72,-6.35,"(False, 0.0)",0.7,0.32,1,1.0,AAAACTATTTAGCTGGTAAAGGC,34.78,56.68,-4.92,-7.42,"(True, 0.24)",0.0,0.0,1,0.5,GTATCGATGCACAAGGTTATG,42.86,56.31,-5.48,-4.35,"(False, 0.0)",0.7,0.0,1,1.0,AAAACCGCCGTGTAGAAAT,42.11,57.03,-6.19,-4.82,"(False, 0.0)",0.7,0.84,1,1.0,CATCTATGCAAAACAATAA,26.32,47.67,-4.48,-4.72,"(False, 0.0)",0.0,0.0,1,1.0,228,86,34,65,3
Group_20,0.15,1.0,ACTTCTATGCAACTTTAGACA,33.33,54.04,-4.68,-4.58,"(True, 0.0)",0.0,0.02,1,0.5,CGCTATTTTAGTCACTGGTT,40.0,54.87,-6.72,-6.35,"(False, 0.0)",0.7,0.32,1,1.0,AAAACTATTTAGCTGGTAAAGGC,34.78,56.68,-4.92,-7.42,"(True, 0.24)",0.0,0.0,1,0.5,TTTCATCTAGCCGTATCGATG,42.86,56.91,-5.45,-6.98,"(False, 0.13)",0.7,0.0,1,1.0,AAAACCGCCGTGTAGAAAT,42.11,57.03,-6.19,-4.82,"(False, 0.0)",0.7,0.84,1,1.0,CATCTATGCAAAACAATAA,26.32,47.67,-4.48,-4.72,"(False, 0.0)",0.0,0.0,1,1.0,228,86,34,77,3
Group_11,0.15,0.67,GTTATTTCGACAGTGGTAGG,45.0,54.99,-3.95,-6.25,"(False, 0.0)",0.7,0.36,1,1.0,TAATAATCTTGGTGGCGTTG,40.0,55.22,-3.59,-8.19,"(False, 0.0)",0.7,0.43,1,1.0,CTAAATCAAGTGCAAACTCTAGC,39.13,57.35,-4.09,-5.42,"(False, 0.0)",0.0,0.0,1,1.0,TCAAAACAACCGTGCTGCAG,50.0,61.46,-5.92,-6.95,"(False, 0.0)",1.0,0.74,1,1.0,AAATTACGTCAACAAATGGC,35.0,54.52,-4.32,-7.59,"(False, 0.0)",0.0,0.2,1,1.0,TGGTTCTGTTCAATTGATCA,35.0,54.26,-6.58,-5.85,"(False, 0.0)",0.0,0.1,1,1.0,217,77,36,76,33
Group_25,0.15,0.67,CGTGCATTAGTTATTTCGAC,40.0,54.27,-8.58,-6.68,"(False, 0.0)",0.7,0.11,1,1.0,TGGTAGGGGCAGCAGTAGTA,55.0,61.45,-5.62,-3.08,"(False, 0.0)",1.0,0.99,0,1.0,TTGAATACGATAAAGCCGCATT,36.36,58.33,-5.45,-8.09,"(False, 0.0)",0.0,0.0,1,1.0,AAACTCTAGCCGTCAAAACAA,38.1,57.57,-4.92,-5.55,"(False, 0.0)",0.0,0.0,1,1.0,AAATTACGTCAACAAATGGC,35.0,54.52,-4.32,-7.59,"(False, 0.0)",0.0,0.2,1,1.0,TGGTTCTGTTCAATTGATCA,35.0,54.26,-6.58,-5.85,"(False, 0.0)",0.0,0.1,1,1.0,260,60,2,86,33
Group_5,0.15,0.67,GTTATTTCGACAGTGGTAGG,45.0,54.99,-3.95,-6.25,"(False, 0.0)",0.7,0.36,1,1.0,GCAGCAGTAGTATTATCTGG,45.0,54.53,-8.29,-6.25,"(False, 0.0)",0.7,0.2,1,1.0,CAGCTGGTTATGGTATTTCTAAA,34.78,55.91,-6.95,-4.55,"(False, 0.0)",0.0,0.0,1,1.0,AAACTCTAGCCGTCAAAACAA,38.1,57.57,-4.92,-5.55,"(False, 0.0)",0.0,0.0,1,1.0,AAATTACGTCAACAAATGGC,35.0,54.52,-4.32,-7.59,"(False, 0.0)",0.0,0.2,1,1.0,TGGTTCTGTTCAATTGATCA,35.0,54.26,-6.58,-5.85,"(False, 0.0)",0.0,0.1,1,1.0,252,94,1,86,33
Group_4,0.14,0.0,ATCAAGCCAAACTTCTATGC,40.0,55.5,-5.22,-5.59,"(False, 0.05)",0.7,0.51,1,1.0,AACAAGAGCGCTATTTTAGT,35.0,54.46,-5.32,-4.19,"(False, 0.0)",0.0,0.18,1,1.0,CGTGCACAATCAGTTAAAAACTA,34.78,57.46,-8.58,-4.19,"(False, -0.2)",0.0,0.0,1,1.0,CTGGTAAAGGCCTTTCATCTAG,45.45,57.77,-5.62,-3.85,"(False, 0.24)",0.7,0.0,1,1.0,GTCTGGCCGTGAACAAAA,50.0,57.46,-6.35,-5.55,"(False, 0.0)",1.0,0.91,1,1.0,CGTGTAGAAATCAGCATCTA,40.0,54.09,-5.98,-4.48,"(True, 0.0)",0.7,0.04,1,0.5,220,78,37,71,6
Group_3,0.14,0.67,AAATTACGTCAACAAATGGC,35.0,54.52,-4.32,-7.59,"(False, 0.0)",0.0,0.2,1,1.0,TGGTTCTGTTCAATTGATCA,35.0,54.26,-6.58,-5.85,"(False, 0.0)",0.0,0.1,1,1.0,TAGACAAAGTAGCTCAAACATTG,34.78,56.38,-4.58,-5.48,"(False, 0.42)",0.0,0.0,1,1.0,GAAGATAACAAGAGCGCTATTTT,34.78,56.83,-4.82,-4.32,"(False, 0.0)",0.0,0.0,1,1.0,CGTGCACAATCAGTTAAAAA,35.0,54.47,-8.58,-4.79,"(False, 0.0)",0.0,0.18,1,1.0,GTATCGATGCACAAGGTTAT,40.0,54.72,-5.48,-4.99,"(False, 0.0)",0.7,0.27,1,1.0,232,83,33,78,32
Group_13,0.13,0.67,AAACTCTAGCCGTCAAAAC,42.11,54.78,-4.92,-5.55,"(False, 0.0)",0.7,0.29,1,1.0,GCTGCTGGTGGTGTATAC,55.56,56.77,-7.65,-2.85,"(False, 0.0)",1.0,0.8,0,1.0,GCCGTAATCCAGATGGTTCT,50.0,59.02,-8.09,-5.95,"(False, 0.05)",1.0,0.01,1,1.0,TTCAATTGATCATGCCTGGCAG,45.45,61.14,-5.45,-8.22,"(False, -0.39)",0.7,0.67,1,1.0,TTGGCTGAAGATAACAAGAG,40.0,54.47,-7.82,-5.45,"(False, 0.0)",0.7,0.18,1,1.0,CACTGGTAATGACTCAATCA,40.0,54.18,-6.75,-5.85,"(False, -0.37)",0.7,0.07,1,1.0,231,76,33,91,30
Group_22,0.12,1.0,CGTGCATTAGTTATTTCGAC,40.0,54.27,-8.58,-6.68,"(False, 0.0)",0.7,0.11,1,1.0,TGGTAGGGGCAGCAGTAGTA,55.0,61.45,-5.62,-3.08,"(False, 0.0)",1.0,0.99,0,1.0,TTGAATACGATAAAGCCGCATT,36.36,58.33,-5.45,-8.09,"(False, 0.0)",0.0,0.0,1,1.0,CTAAATCAAGTGCAAACTCTAGC,39.13,57.35,-4.09,-5.42,"(False, 0.0)",0.0,0.0,1,1.0,ATACCTTGACCAGAAAGAGA,40.0,54.6,-4.75,-5.05,"(False, 0.0)",0.7,0.23,1,1.0,CCGTAATCCAGATGGTTCT,47.37,55.58,-6.99,-5.95,"(False, 0.05)",0.7,0.53,1,1.0,238,60,2,73,42
Group_23,0.12,1.0,CGTGCATTAGTTATTTCGAC,40.0,54.27,-8.58,-6.68,"(False, 0.0)",0.7,0.11,1,1.0,TGGTAGGGGCAGCAGTAGTA,55.0,61.45,-5.62,-3.08,"(False, 0.0)",1.0,0.99,0,1.0,TTGAATACGATAAAGCCGCATT,36.36,58.33,-5.45,-8.09,"(False, 0.0)",0.0,0.0,1,1.0,CAGCTGGTTATGGTATTTCTAAA,34.78,55.91,-6.95,-4.55,"(False, 0.0)",0.0,0.0,1,1.0,ATACCTTGACCAGAAAGAGA,40.0,54.6,-4.75,-5.05,"(False, 0.0)",0.7,0.23,1,1.0,CCGTAATCCAGATGGTTCT,47.37,55.58,-6.99,-5.95,"(False, 0.05)",0.7,0.53,1,1.0,238,60,2,91,42
Group_31,0.1,1.0,ACAAATCAAATATCAAGCCA,30.0,52.47,-5.09,-7.82,"(False, 0.0)",0.0,0.0,1,1.0,TTGGCTGAAGATAACAAGAG,40.0,54.47,-7.82,-5.45,"(False, 0.0)",0.7,0.18,1,1.0,TTATCTCAATCACGTGCACAATC,39.13,58.97,-4.08,-5.08,"(False, 0.0)",0.0,0.0,1,1.0,CACAAGGTTATGGTTCTTCTAAC,39.13,56.72,-5.72,-4.18,"(False, 0.0)",0.0,0.0,1,1.0,AAAACCGCCGTGTAGAAAT,42.11,57.03,-6.19,-4.82,"(False, 0.0)",0.7,0.84,1,1.0,CATCTATGCAAAACAATAA,26.32,47.67,-4.48,-4.72,"(False, 0.0)",0.0,0.0,1,1.0,248,78,36,52,3
Group_8,0.08,0.0,ACAAATCAAATATCAAGCCA,30.0,52.47,-5.09,-7.82,"(False, 0.0)",0.0,0.0,1,1.0,TTGGCTGAAGATAACAAGAG,40.0,54.47,-7.82,-5.45,"(False, 0.0)",0.7,0.18,1,1.0,TTATCTCAATCACGTGCACAATC,39.13,58.97,-4.08,-5.08,"(False, 0.0)",0.0,0.0,1,1.0,CTGGTAAAGGCCTTTCATCTAG,45.45,57.77,-5.62,-3.85,"(False, 0.24)",0.7,0.0,1,1.0,GTCTGGCCGTGAACAAAA,50.0,57.46,-6.35,-5.55,"(False, 0.0)",1.0,0.91,1,1.0,CGTGTAGAAATCAGCATCTA,40.0,54.09,-5.98,-4.48,"(True, 0.0)",0.7,0.04,1,0.5,232,78,36,71,6
Group_27,0.08,1.0,ACTTCTATGCAACTTTAGACA,33.33,54.04,-4.68,-4.58,"(True, 0.0)",0.0,0.02,1,0.5,CGCTATTTTAGTCACTGGTT,40.0,54.87,-6.72,-6.35,"(False, 0.0)",0.7,0.32,1,1.0,AAAACTATTTAGCTGGTAAAGGC,34.78,56.68,-4.92,-7.42,"(True, 0.24)",0.0,0.0,1,0.5,CACAAGGTTATGGTTCTTCTAAC,39.13,56.72,-5.72,-4.18,"(False, 0.0)",0.0,0.0,1,1.0,AAAACCGCCGTGTAGAAAT,42.11,57.03,-6.19,-4.82,"(False, 0.0)",0.7,0.84,1,1.0,CATCTATGCAAAACAATAA,26.32,47.67,-4.48,-4.72,"(False, 0.0)",0.0,0.0,1,1.0,228,86,34,52,3
Group_7,0.04,1.0,ACAAATCAAATATCAAGCCA,30.0,52.47,-5.09,-7.82,"(False, 0.0)",0.0,0.0,1,1.0,TTGGCTGAAGATAACAAGAG,40.0,54.47,-7.82,-5.45,"(False, 0.0)",0.7,0.18,1,1.0,TTATCTCAATCACGTGCACAATC,39.13,58.97,-4.08,-5.08,"(False, 0.0)",0.0,0.0,1,1.0,AAAACTATTTAGCTGGTAAAGGC,34.78,56.68,-4.92,-7.42,"(True, 0.24)",0.0,0.0,1,0.5,GTCTGGCCGTGAACAAAA,50.0,57.46,-6.35,-5.55,"(False, 0.0)",1.0,0.91,1,1.0,CGTGTAGAAATCAGCATCTA,40.0,54.09,-5.98,-4.48,"(True, 0.0)",0.7,0.04,1,0.5,232,78,36,81,6
